,name,rating,review_count,lat,lon,price,address,categories,distance,cluster,geometry,index_right,community_id,community_name
0,Gathers Tea Bar,4.8,295,41.869615,-87.657433,$$,"1214 W Taylor St Chicago, IL 60607","Bubble Tea, Caterers",4297.560072211226,0,POINT (-87.657433 41.869615),27.0,28.0,NEAR WEST SIDE
1,Top Tao Tea,4.6,33,41.91073981340153,-87.6765921,,"1938 W North Ave Chicago, IL 60622","Bubble Tea, Tea Rooms",628.0727393327948,1,POINT (-87.6765921 41.91073981340153),23.0,24.0,WEST TOWN
2,Kurimu,4.1,179,41.903637656831535,-87.6688543730577,$$,"1632 W Division St Chicago, IL 60622","Ice Cream & Frozen Yogurt, Bubble Tea",756.5767944320877,1,POINT (-87.6688543730577 41.903637656831535),23.0,24.0,WEST TOWN
3,Molly Tea,4.7,126,41.85208665862468,-87.63170389999999,$$,"2227 S Wentworth Ave Chicago, IL 60616","Bubble Tea, Tea Rooms",7026.298575896731,2,POINT (-87.63170389999999 41.85208665862468),33.0,34.0,ARMOUR SQUARE
4,Ume Tea,4.5,166,41.8550884,-87.632132,$$,"2002 S Wentworth Ave Ste 101 Chicago, IL 60616",Bubble Tea,6728.375174597966,2,POINT (-87.632132 41.8550884),33.0,34.0,ARMOUR SQUARE
5,Mycha,4.0,47,41.8834734,-87.6282109,,"108 N State St Block 37 Pedway Chicago, IL 60602","Coffee & Tea, Bubble Tea",4757.941088527308,3,POINT (-87.6282109 41.8834734),31.0,32.0,LOOP
6,TSAôCAA,3.9,263,41.8547124376889,-87.6303581989966,$$,"2026 South Clark St Unit G Chicago, IL 60616","Bubble Tea, Shaved Ice, Chicken Shop",6846.132693297828,2,POINT (-87.6303581989966 41.8547124376889),33.0,34.0,ARMOUR SQUARE
7,Taipei Cafe,4.5,84,41.94009645373361,-87.65017061984084,,"820 W Belmont Ave Chicago, IL 60657","Bubble Tea, Desserts, Taiwanese",4505.994887165228,-1,POINT (-87.65017061984084 41.94009645373361),5.0,6.0,LAKE VIEW
8,Kung Fu Tea,3.4,415,41.8542670308205,-87.6328884447052,$,"2126B S Archer Ave Chicago, IL 60616","Coffee & Tea, Bubble Tea, Juice Bars & Smoothies",6769.585554359706,2,POINT (-87.6328884447052 41.8542670308205),33.0,34.0,ARMOUR SQUARE
9,Mango Mango Dessert,4.5,413,41.8536997,-87.63477012673711,$$,"2161 S China Pl Fl 2 Chicago, IL 60616",Desserts,6738.846794784092,2,POINT (-87.63477012673711 41.8536997),33.0,34.0,ARMOUR SQUARE
10,Tsaocaa Lincoln Park,3.8,48,41.9249755011305,-87.66164929988786,$,"1337 W Fullerton Ave Chicago, IL 60614",Bubble Tea,2575.5371447666716,-1,POINT (-87.66164929988786 41.9249755011305),6.0,7.0,LINCOLN PARK
11,TBaar - Chicago ,4.3,38,41.890288,-87.628304,,"6 W Hubbard St Chicago, IL 60654",Bubble Tea,4414.625633279157,7,POINT (-87.628304 41.890288),7.0,8.0,NEAR NORTH SIDE
12,Daboba,4.4,105,41.85381,-87.63383,$,"2142 B S Archer Ave Chicago, IL 60616","Bubble Tea, Cafes, Coffee & Tea",6768.684825970569,2,POINT (-87.63383 41.85381),33.0,34.0,ARMOUR SQUARE
13,Taipei Cafe,4.0,400,41.84501,-87.6463051,$$,"2609 S Halsted St Chicago, IL 60608","Taiwanese, Shaved Ice, Bubble Tea",7184.99865532445,-1,POINT (-87.6463051 41.84501),59.0,60.0,BRIDGEPORT
14,BAMBU,4.1,231,41.97307495952027,-87.66000870203767,$,"5010 N Broadway Chicago, IL 60640","Bubble Tea, Juice Bars & Smoothies, Desserts",7693.35861355307,4,POINT (-87.66000870203767 41.97307495952027),2.0,3.0,UPTOWN
15,KURIMU,4.1,350,41.8694063471,-87.6563846,$$,"1159 W Taylor St Chicago, IL 60607","Bubble Tea, Ice Cream & Frozen Yogurt",4351.702019738518,0,POINT (-87.6563846 41.8694063471),27.0,28.0,NEAR WEST SIDE
16,Autea Sweets & Eats,4.5,66,41.85467706441777,-87.63041567909079,,"2026 S Clark St Unit A&B Chicago, IL 60616","Bubble Tea, Chicken Wings, Chinese",6846.6307576733925,2,POINT (-87.63041567909079 41.85467706441777),33.0,34.0,ARMOUR SQUARE
17,Tsaocaa,4.2,23,41.938819,-87.644152,,"3139 N Broadway Chicago, IL 60659","Bubble Tea, Chicken Wings, Fast Food",4663.642004340143,5,POINT (-87.644152 41.938819),5.0,6.0,LAKE VIEW
18,Uni Uni Bubble Tea Wicker Park,4.2,33,41.90772,-87.67291,$$,"1415 N Milwaukee Ave Chicago, IL 60622","Bubble Tea, Coffee & Tea, Juice Bars & Smoothies",493.42488484235923,1,POINT (-87.67291 41.90772),23.0,24.0,WEST TOWN
19,Taiyaki Chicago,4.0,204,41.930027045132576,-87.64381467392734,$,"2618 N Clark St Chicago, IL 60614","Desserts, Bubble Tea, Ice Cream & Frozen Yogurt",3941.702330218505,6,POINT (-87.64381467392734 41.930027045132576),6.0,7.0,LINCOLN PARK
20,Kung Fu Tea,4.3,15,41.9035748,-87.66845398361727,,"1624 W Division St Chicago, IL 60622","Bubble Tea, Coffee & Tea, Juice Bars & Smoothies",790.4366149690949,1,POINT (-87.66845398361727 41.9035748),23.0,24.0,WEST TOWN
21,OMi,4.1,90,41.938477,-87.644004,$$,"3135 N Broadway Chicago, IL 60657","Desserts, Coffee & Tea, Ice Cream & Frozen Yogurt",4640.563206918649,5,POINT (-87.644004 41.938477),5.0,6.0,LAKE VIEW
22,Te'amo Boba Bar - Chicago,4.4,122,41.88106123729018,-87.6246543,,"36 S Michigan Ave Chicago, IL 60603","Bubble Tea, Desserts, Juice Bars & Smoothies",5148.376904281506,3,POINT (-87.6246543 41.88106123729018),31.0,32.0,LOOP
23,Te’amo Boba Bar,4.5,255,41.85352300053721,-87.63501057055224,$$,"2169 A S China Pl Chicago, IL 60616","Bubble Tea, Desserts",6745.073119830014,2,POINT (-87.63501057055224 41.85352300053721),33.0,34.0,ARMOUR SQUARE
24,Eli Tea Bar,4.3,50,41.982,-87.66811,$$,"5507 N Clark St Chicago, IL 60640",Coffee & Tea,8581.845523538568,-1,POINT (-87.66811 41.982),76.0,77.0,EDGEWATER
25,Living Water Tea House,4.5,109,41.86911333,-87.66365833,$$,"1453 W Taylor St Chicago, IL 60607","Tea Rooms, Bubble Tea",4173.971573386069,0,POINT (-87.66365833 41.86911333),27.0,28.0,NEAR WEST SIDE
26,Ten Cafe,4.2,94,41.941223,-87.688748,$$,"3308 N Western Ave Chicago, IL 60618","Bubble Tea, Ice Cream & Frozen Yogurt",4115.271916966418,-1,POINT (-87.688748 41.941223),4.0,5.0,NORTH CENTER
27,Taichi Bubble Tea Chicago,4.0,127,42.005638726194,-87.6611506344089,$$,"6800 N Sheridan Rd Chicago, IL 60626","Ramen, Bubble Tea, Sushi Bars",11256.946332256452,-1,POINT (-87.6611506344089 42.005638726194),0.0,1.0,ROGERS PARK
28,Te'amo Boba Bar,4.0,337,41.89164053224487,-87.62478311872584,$,"520 N Michigan Ave Ste 421 Chicago, IL 60611","Bubble Tea, Juice Bars & Smoothies, Desserts",4635.568153626848,7,POINT (-87.62478311872584 41.89164053224487),7.0,8.0,NEAR NORTH SIDE
29,Java & Mug Cafe,4.5,262,41.98279,-87.71071,$,"3247 W Bryn Mawr Ave Chicago, IL 60659","Coffee & Tea, Bubble Tea",9061.063007844234,-1,POINT (-87.71071 41.98279),12.0,13.0,NORTH PARK
30,Uni Uni Bubble Tea - Lincoln Park,4.4,39,41.929032,-87.642774,,"2550 N Clark St Chicago, IL 60614","Bubble Tea, Coffee & Tea, Juice Bars & Smoothies",3935.1214020287835,6,POINT (-87.642774 41.929032),6.0,7.0,LINCOLN PARK
31,Matcha En,4.2,278,41.85359,-87.635,$$,"2167 S China Pl Fl 1 Chicago, IL 60616","Desserts, Japanese",6738.964391166347,2,POINT (-87.635 41.85359),33.0,34.0,ARMOUR SQUARE
32,Sugar Dose,3.9,45,41.86021648644666,-87.99790969999918,$$,"841 E Roosevelt Rd Lombard, IL 60148","Desserts, Bubble Tea, Waffles",26970.524671557465,-1,POINT (-87.99790969999918 41.86021648644666),,,
33,Boki’s Tea House,4.6,35,41.97584836714428,-87.7104952,,"3244 W Foster Ave Chicago, IL 60625","Bubble Tea, Coffee & Tea",8313.387922607752,-1,POINT (-87.7104952 41.97584836714428),12.0,13.0,NORTH PARK
34,Tea Monster,4.4,53,41.883815,-87.629303,,"109 N Dearborn St Chicago, IL 60602",Coffee & Tea,4660.774405405258,3,POINT (-87.629303 41.883815),31.0,32.0,LOOP
35,Snow Dragon Shavery,2.8,80,41.89107911448087,-87.61090900701424,$$,"700 E Grand Ave Chicago, IL 60611","Shaved Ice, Bubble Tea, Ice Cream & Frozen Yogurt",5750.624647075055,-1,POINT (-87.61090900701424 41.89107911448087),7.0,8.0,NEAR NORTH SIDE
36,The Wolf,4.4,17,41.848701890010695,-87.80406690118333,,"2302 S Harlem Ave North Riverside, IL 60546","Bubble Tea, Coffee & Tea",12196.669757486452,-1,POINT (-87.80406690118333 41.848701890010695),,,
37,Poppin Panda,4.4,7,41.85057265685173,-87.7776652,,"6127 W Cermak Rd Cicero, IL 60804","Bubble Tea, Coffee & Tea, Desserts",10259.179797938981,-1,POINT (-87.7776652 41.85057265685173),,,
38,Teacago,4.9,15,41.968264386098745,-87.6932803,,"2547 W Lawrence Ave Chicago, IL 60625","Bubble Tea, Juice Bars & Smoothies",7133.358691389917,-1,POINT (-87.6932803 41.968264386098745),3.0,4.0,LINCOLN SQUARE
39,Mochinut,4.1,115,41.86933466985517,-87.65576830823208,$,"1139 W Taylor St Chicago, IL 60607","Donuts, Bubble Tea, Hot Dogs",4379.9470833859305,0,POINT (-87.65576830823208 41.86933466985517),27.0,28.0,NEAR WEST SIDE
40,Tugo Tea House,4.6,209,42.10203281169302,-87.95925656364916,$$,"1285 N Rand Rd Arlington Heights, IL 60004","Bubble Tea, Taiwanese",31941.01149290006,-1,POINT (-87.95925656364916 42.10203281169302),,,
41,Tealicious Bubble,4.4,130,42.045909,-87.681591,$,"1565 Sherman Ave Evanston, IL 60201","Bubble Tea, Taiwanese, Juice Bars & Smoothies",15663.149599715442,8,POINT (-87.681591 42.045909),,,
42,Boba Heaven,4.3,27,41.6546,-87.8543,,"13000 South La Grange Rd Palos Park, IL 60464",Bubble Tea,31628.908267894552,-1,POINT (-87.8543 41.6546),,,
43,VinTea,4.4,81,41.89732,-87.62839,$$,"818 N State St Chicago, IL 60610","Bubble Tea, Vietnamese, Soup",4176.508110742958,7,POINT (-87.62839 41.89732),7.0,8.0,NEAR NORTH SIDE
44,Top Tao Tea,4.4,142,41.9728491,-87.659955,$$,"5002 N Broadway Chicago, IL 60640","Bubble Tea, Tea Rooms",7669.5599924849885,4,POINT (-87.659955 41.9728491),2.0,3.0,UPTOWN
45,Bubble Bar,5.0,2,41.920686,-87.701662,,"Chicago, IL 60647","Desserts, Bubble Tea, Pop-Up Restaurants",2625.0577424315425,-1,POINT (-87.701662 41.920686),21.0,22.0,LOGAN SQUARE
46,Kandy Crush Melt,4.6,23,42.0265,-87.742429,,"8007 Kenton Ave Skokie, IL 60076",Bubble Tea,14512.487089488028,-1,POINT (-87.742429 42.0265),,,
47,The Crab Pad,4.3,666,41.92744,-87.70424,$$$,"2529 N Milwaukee Ave Chicago, IL 60647","Seafood, Desserts, Venues & Event Spaces",3305.795604419515,-1,POINT (-87.70424 41.92744),21.0,22.0,LOGAN SQUARE
48,Capy Teahouse,4.3,9,42.05545268309562,-87.85247240053951,,"9050 W Golf Rd Niles, IL 60714","Bubble Tea, Patisserie/Cake Shop, Ramen",22086.969373455067,-1,POINT (-87.85247240053951 42.05545268309562),,,
49,Elitea,4.0,204,41.85505,-87.63219,$$,"2002 S Wentworth Ave Ste B09 Chicago, IL 60616","Bubble Tea, Desserts, Juice Bars & Smoothies",6736.442486904039,2,POINT (-87.63219 41.85505),33.0,34.0,ARMOUR SQUARE
50,Uni Uni Bubble Tea,5.0,8,41.87711,-87.62725,,"333 S State St Fl 1 Chicago, IL 60604","Bubble Tea, Coffee & Tea, Juice Bars & Smoothies",5201.000048446164,3,POINT (-87.62725 41.87711),31.0,32.0,LOOP
51,Gosa Tea,4.5,48,41.9540112,-87.7867554,$$,"4048 N Narragansett Ave Chicago, IL 60634",Bubble Tea,10561.981785967557,-1,POINT (-87.7867554 41.9540112),16.0,17.0,DUNNING
52,Gravitea Boba,2.0,4,41.953637,-87.74795,,"4800 W Irving Park Rd Chicago, IL 60641","Bubble Tea, Juice Bars & Smoothies, Chicken Wings",7910.6294566576635,-1,POINT (-87.74795 41.953637),14.0,15.0,PORTAGE PARK
53,Bingo Tea,3.9,275,41.85362,-87.63412,$$,"2150 A S Archer Ave Chicago, IL 60616",Bubble Tea,6829.042148295376,2,POINT (-87.63412 41.85362),33.0,34.0,ARMOUR SQUARE
54,Chi Tea,3.7,236,41.86010667,-88.00617833,$,"413 E Roosevelt Rd Lombard, IL 60148","Bubble Tea, Burgers, Juice Bars & Smoothies",27641.793642474695,-1,POINT (-88.00617833 41.86010667),,,
55,Te'amo Boba Bar,4.9,15,41.9361903,-87.64412515955769,,"2943 N Broadway Chicago, IL 60657","Bubble Tea, Desserts, Juice Bars & Smoothies",4433.094602178192,5,POINT (-87.64412515955769 41.9361903),5.0,6.0,LAKE VIEW
56,Tea Yard,4.6,113,41.719680110124095,-87.75579,$$,"5405 W 95th St Oak Lawn, IL 60453",Bubble Tea,21614.295571279516,-1,POINT (-87.75579 41.719680110124095),,,
57,Hello Jasmine - Lincoln Park,4.1,167,41.921567,-87.653054,$,"953 W Webster Ave Chicago, IL 60614","Bubble Tea, Taiwanese, Chicken Shop",2741.194890897092,-1,POINT (-87.653054 41.921567),6.0,7.0,LINCOLN PARK
58,Cheli’s Boba Cafe,5.0,1,41.92423454835924,-87.7656088,,"5550 1/2 W Fullerton Ave Chicago, IL 60639","Bubble Tea, Coffee & Tea",7571.758494045853,-1,POINT (-87.7656088 41.92423454835924),18.0,19.0,BELMONT CRAGIN
59,Tulip's Tea on Tuesday,4.9,28,41.951311008870846,-87.6507964148895,,"828 W Grace St Chicago, IL 60613",Coffee & Tea,5595.818306073537,-1,POINT (-87.6507964148895 41.951311008870846),5.0,6.0,LAKE VIEW
60,Gangnam Market,4.0,192,41.896186067554495,-87.653427040082,$$,"1001 W Chicago Ave Chicago, IL 60642","International Grocery, Bubble Tea, Coffee & Tea",2247.847476013753,-1,POINT (-87.653427040082 41.896186067554495),23.0,24.0,WEST TOWN
61,UFOUU,4.2,56,41.853594295154465,-87.63426527053431,,"2124 S Archer Ave Chicago, IL 60616",Desserts,6770.94155820205,2,POINT (-87.63426527053431 41.853594295154465),33.0,34.0,ARMOUR SQUARE
62,Sweet Rice Asian Kitchen,4.6,99,41.915980361557416,-87.68754992634057,$$,"1904 N Western Ave Chicago, IL 60647","Thai, Pan Asian, Desserts",1450.325139233583,-1,POINT (-87.68754992634057 41.915980361557416),21.0,22.0,LOGAN SQUARE
63,Avalanche Bubble Tea,4.1,303,42.0407651,-87.78462,$,"6317 Dempster St Morton Grove, IL 60053","Bubble Tea, Juice Bars & Smoothies",17458.47103183004,-1,POINT (-87.78462 42.0407651),,,
64,Hello Jasmine,4.5,589,41.8548064874185,-87.630194313612,$$,"2026 S Clark Unit C Chicago, IL 60616","Taiwanese, Bubble Tea, Chicken Shop",6850.309379312038,2,POINT (-87.630194313612 41.8548064874185),33.0,34.0,ARMOUR SQUARE
65,Te'Amo Boba Bar,5.0,1,41.926902,-87.703426,,"2497 N Milwaukee Ave Chicago, IL 60647","Bubble Tea, Desserts, Juice Bars & Smoothies",3213.949020185919,-1,POINT (-87.703426 41.926902),21.0,22.0,LOGAN SQUARE
66,Uni Uni,4.0,169,41.853524,-87.6351544,$$,"2171 S China Pl Ste A Chicago, IL 60616",Bubble Tea,6738.737183571639,2,POINT (-87.6351544 41.853524),33.0,34.0,ARMOUR SQUARE
67,B.I. Tea & Dim Sum,4.0,93,41.88417278136544,-87.640857,$,"131 N Clinton St Chicago French Market Chicago, IL 60661","Bubble Tea, Dim Sum",3844.2093675682463,-1,POINT (-87.640857 41.88417278136544),27.0,28.0,NEAR WEST SIDE
68,Gong Cha,3.1,40,41.87473016165453,-87.6273178,,"555 S State St Chicago, IL 60605",Bubble Tea,5374.578123406375,3,POINT (-87.6273178 41.87473016165453),31.0,32.0,LOOP
69,TeaTalk Boba,4.7,59,41.96749331451604,-87.8116731,,"7354 W Lawrence Ave Harwood Heights, IL 60706",Bubble Tea,13066.321829675442,-1,POINT (-87.8116731 41.96749331451604),,,
70,Rare Tea Chicago,4.4,27,41.9421205,-87.64458869524572,$$,"3304 N Broadway Chicago, IL 60657","Bubble Tea, Coffee & Tea, Juice Bars & Smoothies",4942.164707538175,5,POINT (-87.64458869524572 41.9421205),5.0,6.0,LAKE VIEW
71,Adagio Teas,4.7,334,42.061086,-87.7489,$$,"4999 Old Orchard Ctr Ste F6 Skokie, IL 60077","Coffee & Tea, Tea Rooms",18308.08004956578,-1,POINT (-87.7489 42.061086),,,
72,Te'amo Boba Bar,4.6,68,41.897991,-87.622916,,"835 N Michigan Ave Fl 2 Chicago, IL 60611","Bubble Tea, Juice Bars & Smoothies, Custom Cakes",4616.504778427683,7,POINT (-87.622916 41.897991),7.0,8.0,NEAR NORTH SIDE
73,Umbrella Tea House,4.3,173,42.025078,-88.08201,$$,"160 S Roselle Rd Schaumburg, IL 60193","Bubble Tea, Coffee & Tea",35984.5469824087,-1,POINT (-88.08201 42.025078),,,
74,My Twist,4.8,10,41.77727857905697,-87.80910559656655,,"7520 W 63rd St Summit, IL 60501","Bubble Tea, Ice Cream & Frozen Yogurt, Juice Bars & Smoothies",17904.693963089452,-1,POINT (-87.80910559656655 41.77727857905697),,,
75,Boba Heaven,3.6,38,41.69595877367804,-87.74044476931742,,"10810 S Cicero Ave Oak Lawn, IL 60453","Bubble Tea, Cafes",23835.182977079865,-1,POINT (-87.74044476931742 41.69595877367804),,,
76,Tiger Sugar,3.9,115,41.85439,-87.63262,$$,"2116 South Archer Ave First Fl Unit Chicago, IL 60616","Bubble Tea, Coffee & Tea",6767.99617740289,2,POINT (-87.63262 41.85439),33.0,34.0,ARMOUR SQUARE
77,Gosa Tea,3.9,8,41.926592,-87.640895,,"2435 North Clark St Chicago, IL 60614","Juice Bars & Smoothies, Bubble Tea",3873.2753841405747,6,POINT (-87.640895 41.926592),6.0,7.0,LINCOLN PARK
78,ParTea,4.3,34,41.85117232208973,-87.63861503452063,,"2252 S Canal St Ste 100 Chicago, IL 60616","Bubble Tea, Desserts, Ice Cream & Frozen Yogurt",6822.22581410968,2,POINT (-87.63861503452063 41.85117232208973),33.0,34.0,ARMOUR SQUARE
79,Tea Time Anytime,4.1,27,41.860732,-88.008356,,"340 E Roosevelt Rd Lombard, IL 60148","Coffee & Tea, Bakeries",27812.027400792733,-1,POINT (-88.008356 41.860732),,,
80,Straw & Bubbles Tea Bar,4.6,46,42.06404921586024,-87.9357089,,"110 S Emerson St Mount Prospect, IL 60056","Coffee & Tea, Bubble Tea",27689.214673163817,-1,POINT (-87.9357089 42.06404921586024),,,
81,The Wolf,4.0,8,41.88842437813789,-87.79435529999999,,"134 N Oak Park Ave Oak Park, IL 60301","Bubble Tea, Coffee & Tea",9827.700995133215,-1,POINT (-87.79435529999999 41.88842437813789),,,
82,Ume Tea,4.2,34,41.87813,-87.62502719999999,,"73 E Jackson Blvd Chicago, IL 60604",Bubble Tea,5299.926511683182,3,POINT (-87.62502719999999 41.87813),31.0,32.0,LOOP
83,Fusion Tea,4.5,4,41.9659647137167,-87.9894209560603,,"327 W Irving Park Rd Wood Dale, IL 60191","Bubble Tea, Ice Cream & Frozen Yogurt",26651.28654409794,-1,POINT (-87.9894209560603 41.9659647137167),,,
84,Stringria Coffee and Tea Bar,4.6,12,41.896,-87.65312,,"1001 W Chicago Ave Chicago, IL 60642","Bubble Tea, Juice Bars & Smoothies",2282.073876351736,-1,POINT (-87.65312 41.896),23.0,24.0,WEST TOWN
85,Serious Sanji,3.4,27,42.13855,-87.79286,,"794 Skokie Blvd Northbrook, IL 60062","Bubble Tea, Asian Fusion",27633.84049919264,-1,POINT (-87.79286 42.13855),,,
86,Boba Calico,4.8,44,41.93734,-88.075544,,"336 E Army Trail Rd Glendale Heights, IL 60139","Bubble Tea, Desserts",33105.75954739998,-1,POINT (-88.075544 41.93734),,,
87,Ume Tea,4.0,21,42.04792342183209,-87.68008770325093,,"618 1/2 Church St Evanston, IL 60201",Bubble Tea,15875.794536860352,8,POINT (-87.68008770325093 42.04792342183209),,,
88,Mochii Donut - North Center,4.1,10,41.95445745455335,-87.67575073195466,,"1840 Irving Park Rd Chicago, IL 60613","Donuts, Bubble Tea, Desserts",5484.235188534313,-1,POINT (-87.67575073195466 41.95445745455335),4.0,5.0,NORTH CENTER
89,Moge Tee,3.9,43,42.0465901488117,-87.68201988190413,,"1590 Sherman Ave Evanston, IL 60201",Bubble Tea,15730.313327368707,8,POINT (-87.68201988190413 42.0465901488117),,,
90,Bubble Maki,4.4,17,41.90160027209554,-87.6580232782808,,"Chicago, IL 60642","Sushi Bars, Bubble Tea, Food Delivery Services",1681.0453220355798,-1,POINT (-87.6580232782808 41.90160027209554),23.0,24.0,WEST TOWN
91,Chill Bubble Tea,3.3,210,42.0110043,-87.7616495,$$,"7154 Carpenter Rd Skokie, IL 60077","Juice Bars & Smoothies, Bubble Tea",13661.297002360798,-1,POINT (-87.7616495 42.0110043),,,
92,Ding Tea Rolling Meadows,3.8,59,42.058973566402834,-88.0094918063319,,"2226 W Algonquin Rd Rolling Meadows, IL 60008",Bubble Tea,32316.501626271813,-1,POINT (-88.0094918063319 42.058973566402834),,,
93,Coffee Haus,4.0,589,42.047891,-88.084485,$$,"209 W Golf Rd Schaumburg, IL 60195","Coffee & Tea, Bubble Tea, Juice Bars & Smoothies",37178.93574833997,-1,POINT (-88.084485 42.047891),,,
94,Stick It Corndogs & Boba Tea,4.0,17,41.86493675434225,-87.79030150000001,,"6625 Roosevelt Rd Berwyn, IL 60402","Bubble Tea, Hot Dogs",10334.093186247956,-1,POINT (-87.79030150000001 41.86493675434225),,,
95,Outdoor Café,3.9,256,41.9829615,-87.711179,$$,"3257 W Bryn Mawr Ave Chicago, IL 60659","Ice Cream & Frozen Yogurt, Coffee & Tea",9081.88430960105,-1,POINT (-87.711179 41.9829615),12.0,13.0,NORTH PARK
96,Candy Cloud,3.8,41,42.104719,-87.814127,,"2335 Willow Rd Glenview, IL 60025","Bubble Tea, Coffee & Tea",24880.561145798016,-1,POINT (-87.814127 42.104719),,,
97,Elitea,4.4,56,41.87738,-88.06648,$$,"507 Pennsylvania Ave Glen Ellyn, IL 60137","Bubble Tea, Coffee & Tea",32383.745175734577,-1,POINT (-88.06648 41.87738),,,
98,Sweet Monster,3.4,74,41.8653599,-87.7891845,,"6604 Roosevelt Rd Store Oak Park, IL 60304","Ice Cream & Frozen Yogurt, Bubble Tea, Desserts",10225.386230608077,-1,POINT (-87.7891845 41.8653599),,,
99,Straw & Bubbles Tea Bar,4.5,55,42.07301555440414,-87.80313677000396,,"1818 Glenview Rd Glenview, IL 60025","Bubble Tea, Coffee & Tea, Waffles",21348.02380071337,-1,POINT (-87.80313677000396 42.07301555440414),,,
100,Tsaocaa Niles,4.2,80,42.022893,-87.802488,$,"812 Civic Center Dr Niles, IL 60714","Bubble Tea, Chicken Wings, Waffles",16665.375518789187,-1,POINT (-87.802488 42.022893),,,
101,Bubblelicious,3.5,75,41.88539,-87.62414,$$,"179 Michigan Ave Chicago, IL 60601",Bubble Tea,4948.366929265712,3,POINT (-87.62414 41.88539),31.0,32.0,LOOP
102,Ramen Library,4.1,15,42.0361953,-87.9598067,,"1621 Busse Rd Mount Prospect, IL 60056","Bubble Tea, Korean, Ramen",27489.058285641804,-1,POINT (-87.9598067 42.0361953),,,
103,Nia Drink & Dessert,4.9,28,41.83823,-87.64193,,"610 W 31st St Chicago, IL 60616","Custom Cakes, Desserts, Bubble Tea",8009.074869020207,-1,POINT (-87.64193 41.83823),59.0,60.0,BRIDGEPORT
104,Pom Pom,3.6,26,42.061691210117445,-87.7481273,,"4999 Old Orchard Shopping Ctr Skokie, IL 60077","Bubble Tea, Coffee & Tea",18351.474742726918,-1,POINT (-87.7481273 42.061691210117445),,,
105,Mochinut,4.4,48,41.9257302,-87.6477922,$$,"734 W Fullerton Ave Chicago, IL 60614","Donuts, Bubble Tea, Hot Dogs",3373.8331666183108,-1,POINT (-87.6477922 41.9257302),6.0,7.0,LINCOLN PARK
106,Uni Uni,4.7,21,41.814196,-87.870493,$$,"15 W Harris Ave La Grange, IL 60525","Bubble Tea, Coffee & Tea, Ice Cream & Frozen Yogurt",18905.791983739928,-1,POINT (-87.870493 41.814196),,,
107,Chali Chali,4.5,6,41.85391891042946,-87.64158960431814,,"2105 S Jefferson St Unit B9 Chicago, IL 60616",Bubble Tea,6436.853796258567,2,POINT (-87.64158960431814 41.85391891042946),30.0,31.0,LOWER WEST SIDE
108,Taichi Bubble Tea,4.5,24,42.047156,-87.941322,$$,"1000 Elmhurst Rd Mount Prospect, IL 60056","Bubble Tea, Ramen, Poke",26905.977549603187,-1,POINT (-87.941322 42.047156),,,
109,iBoba,4.3,4,41.749143,-88.015373,,"1001 75th Street Woodridge Il 60517 Woodridge, IL 60517",Bubble Tea,32762.499477107875,-1,POINT (-88.015373 41.749143),,,
110,Boba Heaven - Willowbrook,3.8,12,41.77346357344348,-87.94978836870052,,"6300 Kingery Hwy Ste 114 Willowbrook, IL 60527","Bubble Tea, Desserts, Coffee & Tea",26875.06296564005,-1,POINT (-87.94978836870052 41.77346357344348),,,
111,Modern China Tea Shop: Oriental Tea,3.5,102,41.85153999388354,-87.63212753431912,$$,"2244 S Wentworth Ave Chicago, IL 60616","Coffee & Tea, Bubble Tea",7058.602337754218,2,POINT (-87.63212753431912 41.85153999388354),33.0,34.0,ARMOUR SQUARE
112,Cuckoo,4.3,90,41.97567321053674,-87.66817405559821,$$,"5143 N Clark St Chicago, IL 60640","Korean, Bubble Tea, Burgers",7880.811501724881,-1,POINT (-87.66817405559821 41.97567321053674),2.0,3.0,UPTOWN
113,Wonderful Matcha,4.3,33,41.815688,-87.870027,,"4 West Burlington Ave La Grange, IL 60525",Tea Rooms,18774.756985897606,-1,POINT (-87.870027 41.815688),,,
114,Hello Boba,4.3,7,41.88539832692281,-87.62175680689256,,"Chicago, IL 60601","Bubble Tea, Juice Bars & Smoothies, Food Trucks",5130.162261868382,3,POINT (-87.62175680689256 41.88539832692281),31.0,32.0,LOOP
115,Pure Tea,4.3,72,41.85432,-87.6416,$$,"2105 S Jefferson St Unit B Chicago, IL 60616","Bubble Tea, Desserts, Coffee & Tea",6437.148592883637,2,POINT (-87.6416 41.85432),30.0,31.0,LOWER WEST SIDE
116,Boba Burger,4.7,883,42.03651,-87.8,$$,"8530 Waukegan Rd Morton Grove, IL 60053","Burgers, Asian Fusion, Bubble Tea",17772.615565127173,-1,POINT (-87.8 42.03651),,,
117,Teamo Boba Bar,4.4,69,41.89135395458801,-87.60685469157464,,"600 E Grand Ave Chicago, IL 60611","Bubble Tea, Juice Bars & Smoothies, Donuts",6066.377988056502,-1,POINT (-87.60685469157464 41.89135395458801),7.0,8.0,NEAR NORTH SIDE
118,Poke Burrito,4.4,147,41.9544472242767,-87.67574070332083,$$,"1840 W Irving Park Rd Chicago, IL 60613","Poke, Japanese, Bubble Tea",5483.123433858282,-1,POINT (-87.67574070332083 41.9544472242767),4.0,5.0,NORTH CENTER
119,Boba Heaven,3.2,10,41.9163487,-87.939276,,"573 N York St Elmhurst, IL 60126",Bubble Tea,21666.521158159023,-1,POINT (-87.939276 41.9163487),,,
120,Liquid Fusion Cafe,4.0,272,42.091752,-87.874306,$$,"3375 Milwaukee Ave Ste C Northbrook, IL 60062","Coffee & Tea, Bubble Tea",26350.632485128215,-1,POINT (-87.874306 42.091752),,,
121,Sharetea ,4.9,22,42.041476525052694,-87.8053489,$$,"7166 Dempster St Morton Grove, IL 60053","Bubble Tea, Tea Rooms, Juice Bars & Smoothies",18466.20635892725,-1,POINT (-87.8053489 42.041476525052694),,,
122,OneZo Boba Tea,4.7,3,41.630636,-87.930623,,"14213 S Bell Rd Homer Glen, IL 60491","Bubble Tea, Ice Cream & Frozen Yogurt, Desserts",37036.95880030191,-1,POINT (-87.930623 41.630636),,,
123,The Spot Rotary Hot Pot,4.8,190,42.02499,-87.75532,,"7909 Lincoln Ave Skokie, IL 60077","Desserts, Bubble Tea, Hot Pot",14793.719999896406,-1,POINT (-87.75532 42.02499),,,
124,Boba Heaven,4.2,10,41.84584533424902,-87.80469316420492,,"7309 W 25th St North Riverside, IL 60546","Cafes, Bubble Tea",12407.245069767265,-1,POINT (-87.80469316420492 41.84584533424902),,,
125,Qing Xiang Yuan Dumplings,4.4,2038,41.85505,-87.63219,$$,"2002 S Wentworth Ave Ste 103 Chicago, IL 60616","Barbeque, Dim Sum, Coffee & Tea",6736.442486904039,2,POINT (-87.63219 41.85505),33.0,34.0,ARMOUR SQUARE
126,TE'AMO Boba Bar,4.2,228,42.04007037336247,-88.03375987608652,$$,"601 N Martingale Rd Ste 320 Schaumburg, IL 60173","Bubble Tea, Desserts",33032.68484278319,-1,POINT (-88.03375987608652 42.04007037336247),,,
127,2d Restaurant Uptown,3.4,9,41.962017,-87.650255,,"804 W Montrose Ave Chicago, IL 60613","Themed Cafes, Donuts, Bubble Tea",6720.025247026679,-1,POINT (-87.650255 41.962017),2.0,3.0,UPTOWN
128,Bobalicious,3.5,4,41.66825155350383,-87.79714281890712,,"12250 S Harlem Ave Palos Heights, IL 60463","Bubble Tea, Coffee & Tea, Ice Cream & Frozen Yogurt",28140.926238800304,-1,POINT (-87.79714281890712 41.66825155350383),,,
129,Naranja Dulce,4.8,18,41.96147,-87.70684,,"3124 W Montrose Chicago, IL 60618","Ice Cream & Frozen Yogurt, Bubble Tea, Mexican",6707.190284793695,-1,POINT (-87.70684 41.96147),13.0,14.0,ALBANY PARK
130,Milkteaful,4.8,12,41.90707322523448,-87.8720051,,"3122 W North Ave Stone Park, IL 60165","Bubble Tea, Juice Bars & Smoothies, Tea Rooms",16075.879691034244,-1,POINT (-87.8720051 41.90707322523448),,,
131,Gong Cha,3.9,9,42.08883672664719,-87.872592844069,,"3530 Milwaukee Ave Northbrook, IL 60062","Bubble Tea, Coffee & Tea",26006.781026093853,-1,POINT (-87.872592844069 42.08883672664719),,,
132,Pierrot Gourmet,4.1,730,41.896033,-87.625076,$$,"108 E Superior St Peninsula Chicago Hotel Chicago, IL 60611","Coffee & Tea, French, Desserts",4478.443242163956,7,POINT (-87.625076 41.896033),7.0,8.0,NEAR NORTH SIDE
133,Sip N Snacks,4.9,22,42.0499395,-87.9699211,,"1085 E Golf Rd Arlington Heights, IL 60005","Bubble Tea, Gelato, Chocolatiers & Shops",29024.420907214604,-1,POINT (-87.9699211 42.0499395),,,
134,Tasty Freeze Custom Gourmet Ice Cream,3.7,11,41.7154962876857,-87.7837299910156,$$,"520 Chicago Ridge Mall Chicago Ridge, IL 60415","Ice Cream & Frozen Yogurt, Bubble Tea, Juice Bars & Smoothies",22845.088359717916,-1,POINT (-87.7837299910156 41.7154962876857),,,
135,Belly Bowl,3.5,31,41.867595666073136,-87.62634471784762,$$,"28 E Roosevelt Rd Chicago, IL 60605","Bubble Tea, Noodles, Ramen",5963.652344065444,-1,POINT (-87.62634471784762 41.867595666073136),31.0,32.0,LOOP
136,Boba Heaven,3.5,20,41.791187,-87.869117,,"5432 South La Grange Rd Countryside, IL 60525",Bubble Tea,20287.436481530407,-1,POINT (-87.869117 41.791187),,,
137,Hello Jasmine - Lincoln Square,4.2,45,41.96693,-87.68716,,"4705 N Lincoln Ave Chicago, IL 60625","Bubble Tea, Taiwanese, Chicken Shop",6912.72672291547,-1,POINT (-87.68716 41.96693),3.0,4.0,LINCOLN SQUARE
138,Uni Uni Uptown - Chicago,3.7,56,41.97348,-87.65902,,"1130 W Argyle St Chicago, IL 60640","Bubble Tea, Juice Bars & Smoothies, Coffee & Tea",7759.011791541402,4,POINT (-87.65902 41.97348),2.0,3.0,UPTOWN
139,TBaar,5.0,1,41.998082360988946,-87.66152217843825,,"1223 West Devon Ave Chicago, IL 60660","Bubble Tea, Juice Bars & Smoothies",10419.50864857235,9,POINT (-87.66152217843825 41.998082360988946),76.0,77.0,EDGEWATER
140,Te'amo Boba Bar,3.9,137,41.794896,-87.598987,$$,"1115 E 55th St Chicago, IL 60615","Bubble Tea, Juice Bars & Smoothies, Desserts",13888.876445820499,-1,POINT (-87.598987 41.794896),40.0,41.0,HYDE PARK
141,MA Tea House,3.4,9,41.618849189703205,-87.84732911735773,,"104 Orland Square Dr Orland Park, IL 60462",Bubble Tea,34804.28868710868,-1,POINT (-87.84732911735773 41.618849189703205),,,
142,New Pot Rice & Noodles,3.8,209,41.8884797,-87.7935394,$$,"727 Lake St Oak Park, IL 60301","Thai, Noodles, Bubble Tea",9793.43008425731,-1,POINT (-87.7935394 41.8884797),,,
143,Vannie’s House,4.8,21,41.72312661831685,-88.036509,,"769 E Boughton Rd Bolingbrook, IL 60440","Bubble Tea, Coffee & Tea",35966.92931621301,-1,POINT (-88.036509 41.72312661831685),,,
144,Chi Tea,2.9,14,42.000262,-87.661084,,"6474 N Sheridan Rd Chicago, IL 60626","Bubble Tea, Burgers, Sandwiches",10666.459570532677,9,POINT (-87.661084 42.000262),0.0,1.0,ROGERS PARK
145,OverLay,4.7,18,41.86913431255395,-87.66213959999999,,"1411 W Taylor St Chicago, IL 60607","Coffee & Tea, Bubble Tea",4209.439165129765,0,POINT (-87.66213959999999 41.86913431255395),27.0,28.0,NEAR WEST SIDE
146,Rainbow Boba Tea,4.0,14,41.79925371426456,-87.72402317798473,,"5160 S Pulaski Rd Unit 117 Chicago, IL 60632",Bubble Tea,12383.737605814067,-1,POINT (-87.72402317798473 41.79925371426456),61.0,62.0,WEST ELSDON
147,Altea Viet Coffee & Boba,4.5,85,42.08578,-87.931874,$,"214 Randhurst Village Dr Mount Prospect, IL 60056","Cafes, Bubble Tea, Coffee & Tea",29057.672091809236,-1,POINT (-87.931874 42.08578),,,
148,Cozy Noodles & Rice,4.0,1313,41.9452487,-87.654386,$$,"3456 N Sheffield Ave Chicago, IL 60657","Thai, Noodles, Desserts",4859.25804127038,-1,POINT (-87.654386 41.9452487),5.0,6.0,LAKE VIEW
149,Around Cafe,4.5,334,42.08409,-87.98189,$$,"28 E Nw Hwy Arlington Heights, IL 60004","Bubble Tea, Coffee & Tea",32045.363950547824,-1,POINT (-87.98189 42.08409),,,
150,TeaRex Bubble Tea Cafe,4.2,257,42.05503,-87.75785,$,"5237 Golf Rd Skokie, IL 60077","Bubble Tea, Waffles",17945.145695340496,-1,POINT (-87.75785 42.05503),,,
151,Bearology,4.0,186,42.05182,-88.07866,$$,"16 E Golf Rd Ste E Schaumburg, IL 60173",Bubble Tea,36935.051224895455,-1,POINT (-88.07866 42.05182),,,
152,Bold Mongol,4.2,13,41.830824,-87.65072,,"3465 S Morgan St Chicago, IL 60608","Mongolian, Bubble Tea, Noodles",8563.478608222946,-1,POINT (-87.65072 41.830824),59.0,60.0,BRIDGEPORT
153,Happy Bobas,5.0,20,41.9524572,-87.8114197,,"7327 W Irving Park Rd Chicago, IL 60634",Bubble Tea,12242.023878453218,-1,POINT (-87.8114197 41.9524572),16.0,17.0,DUNNING
154,UniUni,3.8,16,41.97415,-87.86588,,"5220 Fashion Outlets Way Rosemont, IL 60018",Bubble Tea,17478.306269878052,-1,POINT (-87.86588 41.97415),,,
155,GraviTea,3.7,121,42.0111402,-88.078924,$,"877 S Roselle Rd Schaumburg, IL 60193","Bubble Tea, Desserts, Coffee & Tea",35202.19728138286,-1,POINT (-88.078924 42.0111402),,,
156,Spicybee,4.2,6,41.93892,-87.75975,,"5310 W Belmont Ave Chicago, IL 60641",Desserts,7752.897854044817,-1,POINT (-87.75975 41.93892),14.0,15.0,PORTAGE PARK
157,Tous Les Jours,4.3,241,41.90356,-87.67102,$$,"1726 W Division St Chicago, IL 60622","Coffee & Tea, Bakeries, Desserts",578.2761171529003,1,POINT (-87.67102 41.90356),23.0,24.0,WEST TOWN
158,Yao's cafe,4.3,26,41.8161,-87.64098,,"601 W 43rd St Chicago, IL 60609","Chinese, Bubble Tea, Juice Bars & Smoothies",10359.315840300329,-1,POINT (-87.64098 41.8161),60.0,61.0,NEW CITY
159,Sticks and Cones,4.6,16,41.88015,-87.78326,,"308 Madison St Oak Park, IL 60302","Ice Cream & Frozen Yogurt, Arcades, Bubble Tea",9167.017384815008,-1,POINT (-87.78326 41.88015),,,
160,With U Sushi Place,4.4,12,41.83697399157915,-87.65128411352634,,"3132 S Morgan St Chicago, IL 60608","Sushi Bars, Bubble Tea, Desserts",7892.531851678006,-1,POINT (-87.65128411352634 41.83697399157915),59.0,60.0,BRIDGEPORT
161,Kung Fu Tea,3.5,139,41.972313,-87.659397,$,"4925 N Broadway Ste D Chicago, IL 60640","Bubble Tea, Coffee & Tea, Juice Bars & Smoothies",7620.135803188009,4,POINT (-87.659397 41.972313),2.0,3.0,UPTOWN
162,BI Tea & Dim Sum,4.2,5,41.88299175513443,-87.62858419999999,,"15 W Washington St Chicago, IL 60602","Bubble Tea, Dim Sum",4758.862335772469,3,POINT (-87.62858419999999 41.88299175513443),31.0,32.0,LOOP
163,Ichi By Torino,4.7,34,42.07898050092091,-87.75528068785074,,"3217 Lake Ave Ste 9C Wilmette, IL 60091","Bubble Tea, Japanese Curry, Ramen",20362.0221702027,-1,POINT (-87.75528068785074 42.07898050092091),,,
164,HimeOcha,4.3,3,41.752607397175915,-87.99501888944091,,"436A 75th St W Downers Grove, IL 60516",Bubble Tea,31284.33676238841,-1,POINT (-87.99501888944091 41.752607397175915),,,
165,Uni Uni Oak Park,0.0,0,41.887410588456994,-87.8027098,,"105 N Marion St Oak Park, IL 60301","Bubble Tea, Coffee & Tea, Ice Cream & Frozen Yogurt",10528.119918637049,-1,POINT (-87.8027098 41.887410588456994),,,
166,TBaar Loyola-Lakeshore Campus,4.1,55,41.998038,-87.661547,$,"1223 W Devon Ave Chicago, IL 60660","Bubble Tea, Juice Bars & Smoothies",10413.905105194499,9,POINT (-87.661547 41.998038),76.0,77.0,EDGEWATER
167,Te’amo Boba Bar,5.0,2,41.95653945,-87.8073233,,"4104 N Harlem Ave Norridge, IL 60706","Desserts, Juice Bars & Smoothies, Bubble Tea",12218.04710773429,-1,POINT (-87.8073233 41.95653945),,,
168,TruLē Boba & Tea,4.2,13,41.886333282764454,-88.0215075795234,,"141 West Saint Charles Rd Lombard, IL 60148","Bubble Tea, Coffee & Tea",28528.1565661832,-1,POINT (-88.0215075795234 41.886333282764454),,,
169,Mochii Donut,4.3,10,41.60216,-87.85327,,"15866 South La Grange Rd Orland Park, IL 60462","Donuts, Korean, Bubble Tea",36697.154308825135,-1,POINT (-87.85327 41.60216),,,
170,Kung Fu Tea,3.9,62,42.06700234985695,-87.85105127332064,$$,"610 Milwaukee Ave Ste 150 Glenview, IL 60025","Bubble Tea, Coffee & Tea, Juice Bars & Smoothies",22999.82791392934,-1,POINT (-87.85105127332064 42.06700234985695),,,
171,Touhy Fruity,3.3,36,41.9574788,-87.8076453,$,"4104 N Harlem Ave Norridge, IL 60706","Juice Bars & Smoothies, Coffee & Tea, Creperies",12218.047107735216,-1,POINT (-87.8076453 41.9574788),,,
172,Liquid Fusion,4.1,177,42.1800956963491,-87.9265453562551,$,"275 Parkway Dr Ste 315 Lincolnshire, IL 60069","Bubble Tea, Coffee & Tea, Juice Bars & Smoothies",36832.946082578695,-1,POINT (-87.9265453562551 42.1800956963491),,,
173,Elitea,4.5,46,42.03818,-88.04704,,"1285 E Higgins Rd Fresh International Market Schaumburg, IL 60173",Bubble Tea,34108.02504859463,-1,POINT (-88.04704 42.03818),,,
174,Kopa Tea Bar,4.6,56,42.13965,-87.95452,$,"37 Huntington Ln Wheeling, IL 60090","Juice Bars & Smoothies, Bubble Tea, Waffles",34675.212804084666,-1,POINT (-87.95452 42.13965),,,
175,Forever Boba Tea,4.8,27,42.0320025570872,-87.8938713,,"1161 Lee St Des Plaines, IL 60016",Bubble Tea,22762.76690343581,-1,POINT (-87.8938713 42.0320025570872),,,
176,Liquid Fusion,4.1,28,42.150542297136866,-87.83839032944776,,"461 Lake Cook Rd Deerfield, IL 60015","Coffee & Tea, Bubble Tea, Juice Bars & Smoothies",30339.88362924491,-1,POINT (-87.83839032944776 42.150542297136866),,,
177,releaf,4.4,187,42.04470380092985,-87.98073675659849,$,"100 E Algonquin Rd Arlington Heights, IL 60005","Ice Cream & Frozen Yogurt, Coffee & Tea, Bubble Tea",29462.613659771916,-1,POINT (-87.98073675659849 42.04470380092985),,,
178,ICHIDDO RAMEN - Evergreen Park,4.1,28,41.717192,-87.682559,$$,"9646 South Western Ave Evergreen Park, IL 60805","Asian Fusion, Ramen, Bubble Tea",20901.698087254565,-1,POINT (-87.682559 41.717192),,,
179,Saint's Alp Teahouse & Gourmet,3.6,188,41.85377,-87.63462,$$,"2157 S China Pl Chicago, IL 60616","Coffee & Tea, Chinese, Taiwanese",6739.3547655705615,2,POINT (-87.63462 41.85377),33.0,34.0,ARMOUR SQUARE
180,Cielito Lindo Cafe,4.8,14,41.6445588,-87.5168964,,"3805 Hohman Ave Hammond, IN 46327","Cafes, Bubble Tea, Creperies",31900.597903885322,-1,POINT (-87.5168964 41.6445588),,,
181,2d Restaurant,0.0,0,41.88698478083546,-87.6506343,,"914 W Fulton Market Chicago, IL 60607","Bubble Tea, Donuts, Vietnamese",3021.029435457393,-1,POINT (-87.6506343 41.88698478083546),27.0,28.0,NEAR WEST SIDE
182,Fresh International Market,3.7,146,42.03742561993558,-88.0475169020334,$$,"1285 E Higgins Rd Schaumburg, IL 60173","International Grocery, Bakeries, Bubble Tea",33921.87701662267,-1,POINT (-88.0475169020334 42.03742561993558),,,
183,Kung Fu Tea,3.6,196,42.049826183416506,-87.68132065538254,$,"726 Clark St Evanston, IL 60201","Bubble Tea, Coffee & Tea, Juice Bars & Smoothies",16088.895665623078,8,POINT (-87.68132065538254 42.049826183416506),,,
184,Boba blast,3.0,3,41.7175436786416,-87.83322495700835,,"8623 W 95th St Hickory Hills, IL 60457",Bubble Tea,24519.828038748616,-1,POINT (-87.83322495700835 41.7175436786416),,,
185,Hangout Cafe,4.4,116,42.089598,-88.044752,$,"1937 S Plum Grove Rd Palatine, IL 60067","Bubble Tea, Cafes, Juice Bars & Smoothies",36610.31021409148,-1,POINT (-88.044752 42.089598),,,
186,Bobar,4.0,23,42.007164822418254,-88.04464779615274,,"956 Elk Grove Town Ctr Elk Grove Village, IL 60007","Bubble Tea, Coffee & Tea, Juice Bars & Smoothies",32388.782029014634,-1,POINT (-88.04464779615274 42.007164822418254),,,
187,Arctic Spoon,4.1,74,42.1392151,-87.9261222,$$,"371 W Dundee Rd Wheeling, IL 60090","Ice Cream & Frozen Yogurt, Bubble Tea, Juice Bars & Smoothies",32988.315320812304,-1,POINT (-87.9261222 42.1392151),,,
188,Boba Drip,3.6,5,41.65929043878912,-87.79566170327664,,"12801 S Harlem Ave Palos Heights, IL 60463","Bubble Tea, Ice Cream & Frozen Yogurt, Pancakes",29034.45962257401,-1,POINT (-87.79566170327664 41.65929043878912),,,
189,Joy Yee,3.5,18,41.8643868,-87.64659959587209,,"1335 S Halsted St Chicago, IL 60607","Bubble Tea, Juice Bars & Smoothies, Pan Asian",5216.371088341689,-1,POINT (-87.64659959587209 41.8643868),27.0,28.0,NEAR WEST SIDE
190,Boba Heaven - River Grove,1.8,4,41.93696680729128,-87.83331518087691,,"3153 N Thatcher Ave River Grove, IL 60171","Desserts, Coffee & Tea, Bubble Tea",13346.799246658376,-1,POINT (-87.83331518087691 41.93696680729128),,,
191,Chill Bubble Tea,3.6,52,41.8401527404785,-88.0054473876953,$,"203 Yorktown Shopping Ctr Lombard, IL 60148","Bubble Tea, Juice Bars & Smoothies, Tea Rooms",28226.87022851131,-1,POINT (-88.0054473876953 41.8401527404785),,,
192,Cloud Bar Bubble Tea,2.8,6,41.79996,-87.72313,,"5133 S Pulaski Rd Chicago, IL 60632","Bubble Tea, Noodles",12320.650198402196,-1,POINT (-87.72313 41.79996),61.0,62.0,WEST ELSDON
193,Lawrence Fish Market Chinatown,4.3,65,41.838395,-87.633111,,"234 W 31st St Chicago, IL 60616","Bubble Tea, Sushi Bars, Seafood",8293.854144424253,-1,POINT (-87.633111 41.838395),33.0,34.0,ARMOUR SQUARE
194,Ton-Ichi Ramen,3.8,38,42.04994990726613,-87.68129151674256,,"724 Clark St Evanston, IL 60201","Ramen, Bubble Tea",16102.607028618522,8,POINT (-87.68129151674256 42.04994990726613),,,
195,Vida Boba Cafe,4.2,20,41.73139333604164,-87.79857275998172,,"8809 S Harlem Ave Bridgeview, IL 60455",Bubble Tea,21761.43248332745,-1,POINT (-87.79857275998172 41.73139333604164),,,
196,Kung Fu Tea,4.6,10,41.81200171179523,-87.9499379812724,,"814 E Ogden Ave Westmont, IL 60559","Bubble Tea, Coffee & Tea, Juice Bars & Smoothies",24806.857989664284,-1,POINT (-87.9499379812724 41.81200171179523),,,
197,Autea Sweets & Eats,4.7,6,41.71554748312072,-87.81958809999999,,"9636 S Roberts Rd Hickory Hills, IL 60457","Shaved Ice, Bubble Tea",24138.98569003206,-1,POINT (-87.81958809999999 41.71554748312072),,,
198,Mambo Wings,3.8,8,41.9946,-87.69027,,"6214 N Western Ave Chicago, IL 60659","Chicken Wings, Bubble Tea",10003.11219060057,-1,POINT (-87.69027 41.9946),1.0,2.0,WEST RIDGE
199,UNIKOKO Dessert & Bubble Tea,4.8,6,41.74882200671213,-88.04118154110454,,"7526 Janes Ave Woodridge, IL 60517","Bubble Tea, Desserts",34769.67689876742,-1,POINT (-88.04118154110454 41.74882200671213),,,
